Project Number,Project Title,Repository Name,GitHub Repository URL,Port
1,E-Commerce Platform,ecommerce-platform,https://github.com/SaiVatsal/ecommerce-platform,3001
2,Online Food Delivery,online-food-delivery,https://github.com/SaiVatsal/online-food-delivery,3002
3,Inventory Management System,inventory-management,https://github.com/SaiVatsal/inventory-management,3003
4,Learning Management System (LMS),learning-management-system,https://github.com/SaiVatsal/learning-management-system,3004
5,Social Media Platform,social-media-platform,https://github.com/SaiVatsal/social-media-platform,3005
6,Healthcare Appointment System,healthcare-appointment,https://github.com/SaiVatsal/healthcare-appointment,3006
7,Employee Management System,employee-management,https://github.com/SaiVatsal/employee-management,3007
8,Video Streaming Platform,video-streaming,https://github.com/SaiVatsal/video-streaming,3008
9,Expense Tracker,expense-tracker,https://github.com/SaiVatsal/expense-tracker,3009
10,Online Examination System,online-exam,https://github.com/SaiVatsal/online-exam,3010
11,Car Rental System,car-rental,https://github.com/SaiVatsal/car-rental,3011
12,Weather Forecast App,weather-app,https://github.com/SaiVatsal/weather-app,3012
13,Online Voting System,online-voting,https://github.com/SaiVatsal/online-voting,3013
14,Fitness Tracker,fitness-tracker,https://github.com/SaiVatsal/fitness-tracker,3014
15,File Sharing Platform,file-sharing,https://github.com/SaiVatsal/file-sharing,3015
16,Content Management System (CMS),cms,https://github.com/SaiVatsal/cms,3016
17,Online Banking System,online-banking,https://github.com/SaiVatsal/online-banking,3017
18,Event Management System,event-management,https://github.com/SaiVatsal/event-management,3018
19,Electronic Health Records (EHR),health-records,https://github.com/SaiVatsal/health-records,3019
20,Travel & Hotel Booking,travel-booking,https://github.com/SaiVatsal/travel-booking,3020
21,Learning Hub & Notes Sharing,learning-hub,https://github.com/SaiVatsal/learning-hub,3021
22,Hospital Management System,hospital-management,https://github.com/SaiVatsal/hospital-management,3022
23,Online Art Gallery,online-art-gallery,https://github.com/SaiVatsal/online-art-gallery,3023
24,CRM System,crm-system,https://github.com/SaiVatsal/crm-system,3024
25,News Aggregator,news-aggregator,https://github.com/SaiVatsal/news-aggregator,3025
26,Expense Sharing App,expense-sharing,https://github.com/SaiVatsal/expense-sharing,3026
27,Food Recipe Platform,food-recipe,https://github.com/SaiVatsal/food-recipe,3027
28,Property Management System,property-management,https://github.com/SaiVatsal/property-management,3028
29,Online Auction Platform,online-auction,https://github.com/SaiVatsal/online-auction,3029
30,Personal Portfolio Builder,personal-portfolio,https://github.com/SaiVatsal/personal-portfolio,3030
31,Ride Sharing Platform,ride-sharing,https://github.com/SaiVatsal/ride-sharing,3031
32,Online Grocery Store,online-grocery,https://github.com/SaiVatsal/online-grocery,3032
33,Music Streaming Platform,music-streaming,https://github.com/SaiVatsal/music-streaming,3033
34,Community Forum App,forum-app,https://github.com/SaiVatsal/forum-app,3034
35,Movie & Event Ticket Booking,ticket-booking,https://github.com/SaiVatsal/ticket-booking,3035
36,Student Report Card Generator,student-report,https://github.com/SaiVatsal/student-report,3036
37,Task & Project Management,task-management,https://github.com/SaiVatsal/task-management,3037
38,Interactive Quiz Builder,quiz-builder,https://github.com/SaiVatsal/quiz-builder,3038
39,Food Waste Reduction Platform,food-waste-management,https://github.com/SaiVatsal/food-waste-management,3039
40,Pet Adoption Portal,pet-adoption,https://github.com/SaiVatsal/pet-adoption,3040
41,Online Donation & Charity,online-donation,https://github.com/SaiVatsal/online-donation,3041
42,Disaster Relief Coordination,disaster-management,https://github.com/SaiVatsal/disaster-management,3042
43,Personal Budget Planner,budget-planner,https://github.com/SaiVatsal/budget-planner,3043
44,Blood Bank & Donor Network,blood-bank,https://github.com/SaiVatsal/blood-bank,3044
45,Agriculture Marketplace,agriculture-marketplace,https://github.com/SaiVatsal/agriculture-marketplace,3045
46,Hotel & Resort Booking,hotel-booking,https://github.com/SaiVatsal/hotel-booking,3046
47,Digital Online Library,online-library,https://github.com/SaiVatsal/online-library,3047
48,Customer Feedback Management,feedback-management,https://github.com/SaiVatsal/feedback-management,3048
49,Home Tutor Finder & Booking,home-tutor-finder,https://github.com/SaiVatsal/home-tutor-finder,3049
50,Music Discovery & Playlist Manager,music-discovery,https://github.com/SaiVatsal/music-discovery,3050
51,Freelancer Service Marketplace,freelancer-marketplace,https://github.com/SaiVatsal/freelancer-marketplace,3051
52,Job Application Tracker,job-application-tracker,https://github.com/SaiVatsal/job-application-tracker,3052
53,Open Access Research Journal,research-journal,https://github.com/SaiVatsal/research-journal,3053
54,Creative Project Crowdfunding,crowdfunding,https://github.com/SaiVatsal/crowdfunding,3054
55,Community Sports League Management,sports-league,https://github.com/SaiVatsal/sports-league,3055
56,Modern Digital Wallet & FinTech,digital-wallet,https://github.com/SaiVatsal/digital-wallet,3056
57,Esports Gaming Tournament Arena,gaming-tournament,https://github.com/SaiVatsal/gaming-tournament,3057
58,Virtual Stock Trading Platform,virtual-stock-trading,https://github.com/SaiVatsal/virtual-stock-trading,3058
59,On-Demand Home Services Booking,home-services-booking,https://github.com/SaiVatsal/home-services-booking,3059
